Jaam,A (km^2),bA (km),Lpj (km),Ljs (km),i (m/km)
93,99.99742500000545,5.056859141277474,19.774611514044246,44.86881081395897,0.9116999816612212
